DialPlanName,Name,Prefix,Tag
cattolica,PSTN,*,PSTN
cattolica,+39022773004,+39022773004,S4B
cattolica,+39022773090,+39022773090,S4B
cattolica,+39022773201,+39022773201,S4B
cattolica,+39022773202,+39022773202,S4B
cattolica,+39022773203,+39022773203,S4B
cattolica,+39022773204,+39022773204,S4B
cattolica,+39022773206,+39022773206,S4B
cattolica,+39022773207,+39022773207,S4B
cattolica,+39022773209,+39022773209,S4B
cattolica,+39022773210,+39022773210,S4B
cattolica,+39022773211,+39022773211,S4B
cattolica,+39022773212,+39022773212,S4B
cattolica,+39022773213,+39022773213,S4B
cattolica,+39022773214,+39022773214,S4B
cattolica,+39022773215,+39022773215,S4B
cattolica,+39022773217,+39022773217,S4B
cattolica,+39022773218,+39022773218,S4B
cattolica,+39022773219,+39022773219,S4B
cattolica,+39022773220,+39022773220,S4B
cattolica,+39022773221,+39022773221,S4B
cattolica,+39022773222,+39022773222,S4B
cattolica,+39022773223,+39022773223,S4B
cattolica,+39022773224,+39022773224,S4B
cattolica,+39022773226,+39022773226,S4B
cattolica,+39022773227,+39022773227,S4B
cattolica,+39022773228,+39022773228,S4B
cattolica,+39022773229,+39022773229,S4B
cattolica,+39022773230,+39022773230,S4B
cattolica,+39022773231,+39022773231,S4B
cattolica,+39022773232,+39022773232,S4B
cattolica,+39022773233,+39022773233,S4B
cattolica,+39022773234,+39022773234,S4B
cattolica,+39022773235,+39022773235,S4B
cattolica,+39022773236,+39022773236,S4B
cattolica,+39022773237,+39022773237,S4B
cattolica,+39022773239,+39022773239,S4B
cattolica,+39022773240,+39022773240,S4B
cattolica,+39022773241,+39022773241,S4B
cattolica,+39022773242,+39022773242,S4B
cattolica,+39022773243,+39022773243,S4B
cattolica,+39022773244,+39022773244,S4B
cattolica,+39022773245,+39022773245,S4B
cattolica,+39022773247,+39022773247,S4B
cattolica,+39022773248,+39022773248,S4B
cattolica,+39022773249,+39022773249,S4B
cattolica,+39022773250,+39022773250,S4B
cattolica,+39022773251,+39022773251,S4B
cattolica,+39022773253,+39022773253,S4B
cattolica,+39022773254,+39022773254,S4B
cattolica,+39022773255,+39022773255,S4B
cattolica,+39022773256,+39022773256,S4B
cattolica,+39022773257,+39022773257,S4B
cattolica,+39022773258,+39022773258,S4B
cattolica,+39022773260,+39022773260,S4B
cattolica,+39022773261,+39022773261,S4B
cattolica,+39022773262,+39022773262,S4B
cattolica,+39022773263,+39022773263,S4B
cattolica,+39022773264,+39022773264,S4B
cattolica,+39022773266,+39022773266,S4B
cattolica,+39022773268,+39022773268,S4B
cattolica,+39022773269,+39022773269,S4B
cattolica,+39022773270,+39022773270,S4B
cattolica,+39022773271,+39022773271,S4B
cattolica,+39022773272,+39022773272,S4B
cattolica,+39022773273,+39022773273,S4B
cattolica,+39022773274,+39022773274,S4B
cattolica,+39022773275,+39022773275,S4B
cattolica,+39022773276,+39022773276,S4B
cattolica,+39022773278,+39022773278,S4B
cattolica,+39022773279,+39022773279,S4B
cattolica,+39022773280,+39022773280,S4B
cattolica,+39022773281,+39022773281,S4B
cattolica,+39022773282,+39022773282,S4B
cattolica,+39022773284,+39022773284,S4B
cattolica,+39022773285,+39022773285,S4B
cattolica,+39022773286,+39022773286,S4B
cattolica,+39022773288,+39022773288,S4B
cattolica,+39022773289,+39022773289,S4B
cattolica,+39022773291,+39022773291,S4B
cattolica,+39022773292,+39022773292,S4B
cattolica,+39022773293,+39022773293,S4B
cattolica,+39022773294,+39022773294,S4B
cattolica,+39022773295,+39022773295,S4B
cattolica,+39022773296,+39022773296,S4B
cattolica,+39022773299,+39022773299,S4B
cattolica,+39022773305,+39022773305,S4B
cattolica,+39022773307,+39022773307,S4B
cattolica,+39022773312,+39022773312,S4B
cattolica,+39022773316,+39022773316,S4B
cattolica,+39022773318,+39022773318,S4B
cattolica,+39022773319,+39022773319,S4B
cattolica,+39022773325,+39022773325,S4B
cattolica,+39022773329,+39022773329,S4B
cattolica,+39022773333,+39022773333,S4B
cattolica,+39022773335,+39022773335,S4B
cattolica,+39022773339,+39022773339,S4B
cattolica,+39022773346,+39022773346,S4B
cattolica,+39022773347,+39022773347,S4B
cattolica,+39022773348,+39022773348,S4B
cattolica,+39022773350,+39022773350,S4B
cattolica,+39022773351,+39022773351,S4B
cattolica,+39022773364,+39022773364,S4B
cattolica,+39022773368,+39022773368,S4B
cattolica,+39022773370,+39022773370,S4B
cattolica,+39022773371,+39022773371,S4B
cattolica,+39022773372,+39022773372,S4B
cattolica,+39022773375,+39022773375,S4B
cattolica,+39022773379,+39022773379,S4B
cattolica,+39022773382,+39022773382,S4B
cattolica,+39022773384,+39022773384,S4B
cattolica,+39022773385,+39022773385,S4B
cattolica,+39022773387,+39022773387,S4B
cattolica,+39022773388,+39022773388,S4B
cattolica,+39022773393,+39022773393,S4B
cattolica,+39022773394,+39022773394,S4B
cattolica,+39022773395,+39022773395,S4B
cattolica,+39022773396,+39022773396,S4B
cattolica,+39022773398,+39022773398,S4B
cattolica,+39022773401,+39022773401,S4B
cattolica,+39022773402,+39022773402,S4B
cattolica,+39022773403,+39022773403,S4B
cattolica,+39022773405,+39022773405,S4B
cattolica,+39022773406,+39022773406,S4B
cattolica,+39022773407,+39022773407,S4B
cattolica,+39022773410,+39022773410,S4B
cattolica,+39022773412,+39022773412,S4B
cattolica,+39022773413,+39022773413,S4B
cattolica,+39022773414,+39022773414,S4B
cattolica,+39022773416,+39022773416,S4B
cattolica,+39022773419,+39022773419,S4B
cattolica,+39022773422,+39022773422,S4B
cattolica,+39022773423,+39022773423,S4B
cattolica,+39022773424,+39022773424,S4B
cattolica,+39022773425,+39022773425,S4B
cattolica,+39022773427,+39022773427,S4B
cattolica,+39022773429,+39022773429,S4B
cattolica,+39022773433,+39022773433,S4B
cattolica,+39022773436,+39022773436,S4B
cattolica,+39022773437,+39022773437,S4B
cattolica,+39022773443,+39022773443,S4B
cattolica,+39022773452,+39022773452,S4B
cattolica,+39022773453,+39022773453,S4B
cattolica,+39022773460,+39022773460,S4B
cattolica,+39022773462,+39022773462,S4B
cattolica,+39022773463,+39022773463,S4B
cattolica,+39022773472,+39022773472,S4B
cattolica,+39022773475,+39022773475,S4B
cattolica,+39022773477,+39022773477,S4B
cattolica,+39022773479,+39022773479,S4B
cattolica,+39022773483,+39022773483,S4B
cattolica,+39022773487,+39022773487,S4B
cattolica,+39022773489,+39022773489,S4B
cattolica,+39022773491,+39022773491,S4B
cattolica,+39022773493,+39022773493,S4B
cattolica,+39022773496,+39022773496,S4B
cattolica,+39022773497,+39022773497,S4B
cattolica,+39022773498,+39022773498,S4B
cattolica,+39022773513,+39022773513,S4B
cattolica,+39022773515,+39022773515,S4B
cattolica,+39022773519,+39022773519,S4B
cattolica,+39022773521,+39022773521,S4B
cattolica,+39022773530,+39022773530,S4B
cattolica,+39022773531,+39022773531,S4B
cattolica,+39022773533,+39022773533,S4B
cattolica,+39022773534,+39022773534,S4B
cattolica,+39022773537,+39022773537,S4B
cattolica,+39022773538,+39022773538,S4B
cattolica,+39022773540,+39022773540,S4B
cattolica,+39022773551,+39022773551,S4B
cattolica,+39022773552,+39022773552,S4B
cattolica,+39022773560,+39022773560,S4B
cattolica,+39022773566,+39022773566,S4B
cattolica,+39022773572,+39022773572,S4B
cattolica,+39022773573,+39022773573,S4B
cattolica,+39022773575,+39022773575,S4B
cattolica,+39022773578,+39022773578,S4B
cattolica,+39022773580,+39022773580,S4B
cattolica,+39022773582,+39022773582,S4B
cattolica,+39022773586,+39022773586,S4B
cattolica,+39022773592,+39022773592,S4B
cattolica,+39022773595,+39022773595,S4B
cattolica,+39022773604,+39022773604,S4B
cattolica,+39022773606,+39022773606,S4B
cattolica,+39022773607,+39022773607,S4B
cattolica,+39022773613,+39022773613,S4B
cattolica,+39022773616,+39022773616,S4B
cattolica,+39022773620,+39022773620,S4B
cattolica,+39022773621,+39022773621,S4B
cattolica,+39022773625,+39022773625,S4B
cattolica,+39022773626,+39022773626,S4B
cattolica,+39022773627,+39022773627,S4B
cattolica,+39022773634,+39022773634,S4B
cattolica,+39022773639,+39022773639,S4B
cattolica,+39022773642,+39022773642,S4B
cattolica,+39022773643,+39022773643,S4B
cattolica,+39022773644,+39022773644,S4B
cattolica,+39022773649,+39022773649,S4B
cattolica,+39022773653,+39022773653,S4B
cattolica,+39022773656,+39022773656,S4B
cattolica,+39022773662,+39022773662,S4B
cattolica,+39022773664,+39022773664,S4B
cattolica,+39022773669,+39022773669,S4B
cattolica,+39022773670,+39022773670,S4B
cattolica,+39022773674,+39022773674,S4B
cattolica,+39022773678,+39022773678,S4B
cattolica,+39022773680,+39022773680,S4B
cattolica,+39022773681,+39022773681,S4B
cattolica,+39022773691,+39022773691,S4B
cattolica,+39022773692,+39022773692,S4B
cattolica,+39022773694,+39022773694,S4B
cattolica,+39022773703,+39022773703,S4B
cattolica,+39022773708,+39022773708,S4B
cattolica,+39022773709,+39022773709,S4B
cattolica,+39022773720,+39022773720,S4B
cattolica,+39022773721,+39022773721,S4B
cattolica,+39022773724,+39022773724,S4B
cattolica,+39022773726,+39022773726,S4B
cattolica,+39022773727,+39022773727,S4B
cattolica,+39022773728,+39022773728,S4B
cattolica,+39022773729,+39022773729,S4B
cattolica,+39022773735,+39022773735,S4B
cattolica,+39022773736,+39022773736,S4B
cattolica,+39022773739,+39022773739,S4B
cattolica,+39022773741,+39022773741,S4B
cattolica,+39022773743,+39022773743,S4B
cattolica,+39022773745,+39022773745,S4B
cattolica,+39022773746,+39022773746,S4B
cattolica,+39022773750,+39022773750,S4B
cattolica,+39022773755,+39022773755,S4B
cattolica,+39022773765,+39022773765,S4B
cattolica,+39022773767,+39022773767,S4B
cattolica,+39022773768,+39022773768,S4B
cattolica,+39022773772,+39022773772,S4B
cattolica,+39022773780,+39022773780,S4B
cattolica,+39022773786,+39022773786,S4B
cattolica,+39022773792,+39022773792,S4B
cattolica,+39022773794,+39022773794,S4B
cattolica,+39022773805,+39022773805,S4B
cattolica,+39022773813,+39022773813,S4B
cattolica,+39022773821,+39022773821,S4B
cattolica,+39022773829,+39022773829,S4B
cattolica,+39022773844,+39022773844,S4B
cattolica,+39022773849,+39022773849,S4B
cattolica,+39022773850,+39022773850,S4B
cattolica,+39022773851,+39022773851,S4B
cattolica,+39022773852,+39022773852,S4B
cattolica,+39022773855,+39022773855,S4B
cattolica,+39022773863,+39022773863,S4B
cattolica,+39022773867,+39022773867,S4B
cattolica,+39022773876,+39022773876,S4B
cattolica,+39022773878,+39022773878,S4B
cattolica,+39022773879,+39022773879,S4B
cattolica,+39022773882,+39022773882,S4B
cattolica,+39022773883,+39022773883,S4B
cattolica,+39022773884,+39022773884,S4B
cattolica,+39022773888,+39022773888,S4B
cattolica,+39022773890,+39022773890,S4B
cattolica,+39022773891,+39022773891,S4B
cattolica,+39022773892,+39022773892,S4B
cattolica,+39022773893,+39022773893,S4B
cattolica,+39022773894,+39022773894,S4B
cattolica,+39022773895,+39022773895,S4B
cattolica,+39022773896,+39022773896,S4B
cattolica,+39022773897,+39022773897,S4B
cattolica,+39022773898,+39022773898,S4B
cattolica,+39022773899,+39022773899,S4B
cattolica,+39022773901,+39022773901,S4B
cattolica,+39022773902,+39022773902,S4B
cattolica,+39022773904,+39022773904,S4B
cattolica,+39022773905,+39022773905,S4B
cattolica,+39022773914,+39022773914,S4B
cattolica,+39022773916,+39022773916,S4B
cattolica,+39022773918,+39022773918,S4B
cattolica,+39022773919,+39022773919,S4B
cattolica,+39022773927,+39022773927,S4B
cattolica,+39022773930,+39022773930,S4B
cattolica,+39022773932,+39022773932,S4B
cattolica,+39022773933,+39022773933,S4B
cattolica,+39022773934,+39022773934,S4B
cattolica,+39022773936,+39022773936,S4B
cattolica,+39022773937,+39022773937,S4B
cattolica,+39022773944,+39022773944,S4B
cattolica,+39022773948,+39022773948,S4B
cattolica,+39022773958,+39022773958,S4B
cattolica,+39022773959,+39022773959,S4B
cattolica,+39022773962,+39022773962,S4B
cattolica,+39022773963,+39022773963,S4B
cattolica,+39022773966,+39022773966,S4B
cattolica,+39022773971,+39022773971,S4B
cattolica,+39022773981,+39022773981,S4B
cattolica,+39022773982,+39022773982,S4B
cattolica,+39022773983,+39022773983,S4B
cattolica,+39022773985,+39022773985,S4B
cattolica,+39022773986,+39022773986,S4B
cattolica,+39022773990,+39022773990,S4B
cattolica,+39022773998,+39022773998,S4B
cattolica,+3902773267,+3902773267,S4B
cattolica,+390456833534,+390456833534,S4B
cattolica,+390456833622,+390456833622,S4B
cattolica,+390456833626,+390456833626,S4B
cattolica,+390456833627,+390456833627,S4B
cattolica,+390456833630,+390456833630,S4B
cattolica,+390456833631,+390456833631,S4B
cattolica,+390456833632,+390456833632,S4B
cattolica,+390456833633,+390456833633,S4B
cattolica,+390456833634,+390456833634,S4B
cattolica,+390456833635,+390456833635,S4B
cattolica,+390456833636,+390456833636,S4B
cattolica,+390456833637,+390456833637,S4B
cattolica,+390456833638,+390456833638,S4B
cattolica,+390456833639,+390456833639,S4B
cattolica,+390456833640,+390456833640,S4B
cattolica,+390456833641,+390456833641,S4B
cattolica,+390456833642,+390456833642,S4B
cattolica,+390456833645,+390456833645,S4B
cattolica,+390456833646,+390456833646,S4B
cattolica,+390456833649,+390456833649,S4B
cattolica,+390456833651,+390456833651,S4B
cattolica,+390456833654,+390456833654,S4B
cattolica,+390456833655,+390456833655,S4B
cattolica,+390456833661,+390456833661,S4B
cattolica,+390456833662,+390456833662,S4B
cattolica,+390456833672,+390456833672,S4B
cattolica,+390456833675,+390456833675,S4B
cattolica,+390456833679,+390456833679,S4B
cattolica,+390456833681,+390456833681,S4B
cattolica,+390456833682,+390456833682,S4B
cattolica,+390456833683,+390456833683,S4B
cattolica,+390456833684,+390456833684,S4B
cattolica,+390456833685,+390456833685,S4B
cattolica,+390456833687,+390456833687,S4B
cattolica,+390456833693,+390456833693,S4B
cattolica,+390456833694,+390456833694,S4B
cattolica,+390456833696,+390456833696,S4B
cattolica,+390456833697,+390456833697,S4B
cattolica,+390456833698,+390456833698,S4B
cattolica,+390456833699,+390456833699,S4B
cattolica,+390456833703,+390456833703,S4B
cattolica,+390456833704,+390456833704,S4B
cattolica,+390456833705,+390456833705,S4B
cattolica,+390456833706,+390456833706,S4B
cattolica,+390456833709,+390456833709,S4B
cattolica,+390456833711,+390456833711,S4B
cattolica,+390456833726,+390456833726,S4B
cattolica,+390456833733,+390456833733,S4B
cattolica,+390456833734,+390456833734,S4B
cattolica,+390456833737,+390456833737,S4B
cattolica,+390456833738,+390456833738,S4B
cattolica,+390456833741,+390456833741,S4B
cattolica,+390456833742,+390456833742,S4B
cattolica,+390456833743,+390456833743,S4B
cattolica,+390456833744,+390456833744,S4B
cattolica,+390456833745,+390456833745,S4B
cattolica,+390456833746,+390456833746,S4B
cattolica,+390456833747,+390456833747,S4B
cattolica,+390456833749,+390456833749,S4B
cattolica,+390456833750,+390456833750,S4B
cattolica,+390456833751,+390456833751,S4B
cattolica,+390456833752,+390456833752,S4B
cattolica,+390456833755,+390456833755,S4B
cattolica,+390456833756,+390456833756,S4B
cattolica,+390456833763,+390456833763,S4B
cattolica,+390456833764,+390456833764,S4B
cattolica,+390456833765,+390456833765,S4B
cattolica,+390456833767,+390456833767,S4B
cattolica,+390456833768,+390456833768,S4B
cattolica,+390456833771,+390456833771,S4B
cattolica,+390456833773,+390456833773,S4B
cattolica,+390456833775,+390456833775,S4B
cattolica,+390456833784,+390456833784,S4B
cattolica,+390456833796,+390456833796,S4B
cattolica,+390456833799,+390456833799,S4B
cattolica,+390458224010,+390458224010,S4B
cattolica,+390458224011,+390458224011,S4B
cattolica,+390458224101,+390458224101,S4B
cattolica,+390458224102,+390458224102,S4B
cattolica,+390458224103,+390458224103,S4B
cattolica,+390458224104,+390458224104,S4B
cattolica,+390458224105,+390458224105,S4B
cattolica,+390458224106,+390458224106,S4B
cattolica,+390458224107,+390458224107,S4B
cattolica,+390458224108,+390458224108,S4B
cattolica,+390458224109,+390458224109,S4B
cattolica,+390458224110,+390458224110,S4B
cattolica,+390458224111,+390458224111,S4B
cattolica,+390458224124,+390458224124,S4B
cattolica,+390458224125,+390458224125,S4B
cattolica,+390458224133,+390458224133,S4B
cattolica,+390458224145,+390458224145,S4B
cattolica,+390458224150,+390458224150,S4B
cattolica,+390458224152,+390458224152,S4B
cattolica,+390458224153,+390458224153,S4B
cattolica,+390458224155,+390458224155,S4B
cattolica,+390458224157,+390458224157,S4B
cattolica,+390458224158,+390458224158,S4B
cattolica,+390458224159,+390458224159,S4B
cattolica,+390458224160,+390458224160,S4B
cattolica,+390458224161,+390458224161,S4B
cattolica,+390458224162,+390458224162,S4B
cattolica,+390458224164,+390458224164,S4B
cattolica,+390458224167,+390458224167,S4B
cattolica,+390458224168,+390458224168,S4B
cattolica,+390458224169,+390458224169,S4B
cattolica,+390458224170,+390458224170,S4B
cattolica,+390458224171,+390458224171,S4B
cattolica,+390458224175,+390458224175,S4B
cattolica,+390458224176,+390458224176,S4B
cattolica,+390458224177,+390458224177,S4B
cattolica,+390458224178,+390458224178,S4B
cattolica,+390458224179,+390458224179,S4B
cattolica,+390458224180,+390458224180,S4B
cattolica,+390458224181,+390458224181,S4B
cattolica,+390458224182,+390458224182,S4B
cattolica,+390458224183,+390458224183,S4B
cattolica,+390458224184,+390458224184,S4B
cattolica,+390458224185,+390458224185,S4B
cattolica,+390458224186,+390458224186,S4B
cattolica,+390458224187,+390458224187,S4B
cattolica,+390458224188,+390458224188,S4B
cattolica,+390458224189,+390458224189,S4B
cattolica,+390458224190,+390458224190,S4B
cattolica,+390458224191,+390458224191,S4B
cattolica,+390458224192,+390458224192,S4B
cattolica,+390458224193,+390458224193,S4B
cattolica,+390458224194,+390458224194,S4B
cattolica,+390458224195,+390458224195,S4B
cattolica,+390458224196,+390458224196,S4B
cattolica,+390458224197,+390458224197,S4B
cattolica,+390458224199,+390458224199,S4B
cattolica,+390458224200,+390458224200,S4B
cattolica,+390458224207,+390458224207,S4B
cattolica,+390458224209,+390458224209,S4B
cattolica,+390458224256,+390458224256,S4B
cattolica,+390458224259,+390458224259,S4B
cattolica,+390458224302,+390458224302,S4B
cattolica,+390458224304,+390458224304,S4B
cattolica,+390458224306,+390458224306,S4B
cattolica,+390458224309,+390458224309,S4B
cattolica,+390458224311,+390458224311,S4B
cattolica,+390458224320,+390458224320,S4B
cattolica,+390458224325,+390458224325,S4B
cattolica,+390458224329,+390458224329,S4B
cattolica,+390458224334,+390458224334,S4B
cattolica,+390458224335,+390458224335,S4B
cattolica,+390458224343,+390458224343,S4B
cattolica,+390458224380,+390458224380,S4B
cattolica,+390458224390,+390458224390,S4B
cattolica,+390458224404,+390458224404,S4B
cattolica,+390458224409,+390458224409,S4B
cattolica,+390458224421,+390458224421,S4B
cattolica,+390458224447,+390458224447,S4B
cattolica,+390458224540,+390458224540,S4B
cattolica,+390458224542,+390458224542,S4B
cattolica,+390458224549,+390458224549,S4B
cattolica,+390458224555,+390458224555,S4B
cattolica,+390458224556,+390458224556,S4B
cattolica,+390458224557,+390458224557,S4B
cattolica,+390458224563,+390458224563,S4B
cattolica,+390458224565,+390458224565,S4B
cattolica,+390458224578,+390458224578,S4B
cattolica,+390458224583,+390458224583,S4B
cattolica,+390458224584,+390458224584,S4B
cattolica,+390458224640,+390458224640,S4B
cattolica,+390458224641,+390458224641,S4B
cattolica,+390458224643,+390458224643,S4B
cattolica,+390458224701,+390458224701,S4B
cattolica,+390458224703,+390458224703,S4B
cattolica,+390458224710,+390458224710,S4B
cattolica,+390458224722,+390458224722,S4B
cattolica,+390458224724,+390458224724,S4B
cattolica,+390458224796,+390458224796,S4B
cattolica,+390458224901,+390458224901,S4B
cattolica,+390458224902,+390458224902,S4B
cattolica,+390458224923,+390458224923,S4B
cattolica,+390458224946,+390458224946,S4B
cattolica,+390458224951,+390458224951,S4B
cattolica,+390458224958,+390458224958,S4B
cattolica,+390458236110,+390458236110,S4B
cattolica,+390458236128,+390458236128,S4B
cattolica,+390458236129,+390458236129,S4B
cattolica,+390458236134,+390458236134,S4B
cattolica,+390458236145,+390458236145,S4B
cattolica,+390458236148,+390458236148,S4B
cattolica,+390458236158,+390458236158,S4B
cattolica,+390458236160,+390458236160,S4B
cattolica,+390458236161,+390458236161,S4B
cattolica,+390458236164,+390458236164,S4B
cattolica,+390458236167,+390458236167,S4B
cattolica,+390458236175,+390458236175,S4B
cattolica,+390458236177,+390458236177,S4B
cattolica,+390458236181,+390458236181,S4B
cattolica,+390458236214,+390458236214,S4B
cattolica,+390458236234,+390458236234,S4B
cattolica,+390458236243,+390458236243,S4B
cattolica,+390458236247,+390458236247,S4B
cattolica,+390458236249,+390458236249,S4B
cattolica,+390458236250,+390458236250,S4B
cattolica,+390458236251,+390458236251,S4B
cattolica,+390458236261,+390458236261,S4B
cattolica,+390458236262,+390458236262,S4B
cattolica,+390458236268,+390458236268,S4B
cattolica,+390458236275,+390458236275,S4B
cattolica,+390458236276,+390458236276,S4B
cattolica,+390458236279,+390458236279,S4B
cattolica,+390458236283,+390458236283,S4B
cattolica,+390458236291,+390458236291,S4B
cattolica,+390458236294,+390458236294,S4B
cattolica,+390458236305,+390458236305,S4B
cattolica,+390458236306,+390458236306,S4B
cattolica,+390458236307,+390458236307,S4B
cattolica,+390458236310,+390458236310,S4B
cattolica,+390458236311,+390458236311,S4B
cattolica,+390458236313,+390458236313,S4B
cattolica,+390458236314,+390458236314,S4B
cattolica,+390458236324,+390458236324,S4B
cattolica,+390458236340,+390458236340,S4B
cattolica,+390458236341,+390458236341,S4B
cattolica,+390458236346,+390458236346,S4B
cattolica,+390458236391,+390458236391,S4B
cattolica,+390458236392,+390458236392,S4B
cattolica,+390458236394,+390458236394,S4B
cattolica,+390458236398,+390458236398,S4B
cattolica,+390458236409,+390458236409,S4B
cattolica,+390458236410,+390458236410,S4B
cattolica,+390458236411,+390458236411,S4B
cattolica,+390458236415,+390458236415,S4B
cattolica,+390458236420,+390458236420,S4B
cattolica,+390458236434,+390458236434,S4B
cattolica,+390458236435,+390458236435,S4B
cattolica,+390458236442,+390458236442,S4B
cattolica,+390458236448,+390458236448,S4B
cattolica,+390458236449,+390458236449,S4B
cattolica,+390458236468,+390458236468,S4B
cattolica,+390458236478,+390458236478,S4B
cattolica,+390458236480,+390458236480,S4B
cattolica,+390458236481,+390458236481,S4B
cattolica,+390458236490,+390458236490,S4B
cattolica,+390458236511,+390458236511,S4B
cattolica,+390458236513,+390458236513,S4B
cattolica,+390458236514,+390458236514,S4B
cattolica,+390458236517,+390458236517,S4B
cattolica,+390458236521,+390458236521,S4B
cattolica,+390458236523,+390458236523,S4B
cattolica,+390458236525,+390458236525,S4B
cattolica,+390458236527,+390458236527,S4B
cattolica,+390458236529,+390458236529,S4B
cattolica,+390458236530,+390458236530,S4B
cattolica,+390458236531,+390458236531,S4B
cattolica,+390458236532,+390458236532,S4B
cattolica,+390458236533,+390458236533,S4B
cattolica,+390458236534,+390458236534,S4B
cattolica,+390458236536,+390458236536,S4B
cattolica,+390458236537,+390458236537,S4B
cattolica,+390458236538,+390458236538,S4B
cattolica,+390458236541,+390458236541,S4B
cattolica,+390458236542,+390458236542,S4B
cattolica,+390458236552,+390458236552,S4B
cattolica,+390458236575,+390458236575,S4B
cattolica,+390458236594,+390458236594,S4B
cattolica,+390458236669,+390458236669,S4B
cattolica,+390458236675,+390458236675,S4B
cattolica,+390458236678,+390458236678,S4B
cattolica,+390458236685,+390458236685,S4B
cattolica,+390458236691,+390458236691,S4B
cattolica,+390458236692,+390458236692,S4B
cattolica,+390458236711,+390458236711,S4B
cattolica,+390458236751,+390458236751,S4B
cattolica,+390458236758,+390458236758,S4B
cattolica,+390458236922,+390458236922,S4B
cattolica,+390458236924,+390458236924,S4B
cattolica,+390458270701,+390458270701,S4B
cattolica,+390458270702,+390458270702,S4B
cattolica,+390458270703,+390458270703,S4B
cattolica,+390458270704,+390458270704,S4B
cattolica,+390458270706,+390458270706,S4B
cattolica,+390458270731,+390458270731,S4B
cattolica,+390458270732,+390458270732,S4B
cattolica,+390458270734,+390458270734,S4B
cattolica,+390458270735,+390458270735,S4B
cattolica,+390458270741,+390458270741,S4B
cattolica,+390458270755,+390458270755,S4B
cattolica,+390458270759,+390458270759,S4B
cattolica,+390458270772,+390458270772,S4B
cattolica,+390458270776,+390458270776,S4B
cattolica,+390458270789,+390458270789,S4B
cattolica,+390458270790,+390458270790,S4B
cattolica,+390458270791,+390458270791,S4B
cattolica,+390458270792,+390458270792,S4B
cattolica,+390458270794,+390458270794,S4B
cattolica,+390458270796,+390458270796,S4B
cattolica,+390458270797,+390458270797,S4B
cattolica,+390458391002,+390458391002,S4B
cattolica,+390458391003,+390458391003,S4B
cattolica,+390458391004,+390458391004,S4B
cattolica,+390458391006,+390458391006,S4B
cattolica,+390458391007,+390458391007,S4B
cattolica,+390458391008,+390458391008,S4B
cattolica,+390458391009,+390458391009,S4B
cattolica,+390458391011,+390458391011,S4B
cattolica,+390458391019,+390458391019,S4B
cattolica,+390458391020,+390458391020,S4B
cattolica,+390458391021,+390458391021,S4B
cattolica,+390458391022,+390458391022,S4B
cattolica,+390458391026,+390458391026,S4B
cattolica,+390458391027,+390458391027,S4B
cattolica,+390458391028,+390458391028,S4B
cattolica,+390458391030,+390458391030,S4B
cattolica,+390458391034,+390458391034,S4B
cattolica,+390458391035,+390458391035,S4B
cattolica,+390458391036,+390458391036,S4B
cattolica,+390458391037,+390458391037,S4B
cattolica,+390458391038,+390458391038,S4B
cattolica,+390458391039,+390458391039,S4B
cattolica,+390458391040,+390458391040,S4B
cattolica,+390458391041,+390458391041,S4B
cattolica,+390458391042,+390458391042,S4B
cattolica,+390458391043,+390458391043,S4B
cattolica,+390458391044,+390458391044,S4B
cattolica,+390458391045,+390458391045,S4B
cattolica,+390458391046,+390458391046,S4B
cattolica,+390458391047,+390458391047,S4B
cattolica,+390458391048,+390458391048,S4B
cattolica,+390458391049,+390458391049,S4B
cattolica,+390458391050,+390458391050,S4B
cattolica,+390458391051,+390458391051,S4B
cattolica,+390458391052,+390458391052,S4B
cattolica,+390458391053,+390458391053,S4B
cattolica,+390458391054,+390458391054,S4B
cattolica,+390458391056,+390458391056,S4B
cattolica,+390458391057,+390458391057,S4B
cattolica,+390458391058,+390458391058,S4B
cattolica,+390458391059,+390458391059,S4B
cattolica,+390458391060,+390458391060,S4B
cattolica,+390458391061,+390458391061,S4B
cattolica,+390458391062,+390458391062,S4B
cattolica,+390458391063,+390458391063,S4B
cattolica,+390458391064,+390458391064,S4B
cattolica,+390458391065,+390458391065,S4B
cattolica,+390458391066,+390458391066,S4B
cattolica,+390458391068,+390458391068,S4B
cattolica,+390458391069,+390458391069,S4B
cattolica,+390458391070,+390458391070,S4B
cattolica,+390458391071,+390458391071,S4B
cattolica,+390458391072,+390458391072,S4B
cattolica,+390458391073,+390458391073,S4B
cattolica,+390458391074,+390458391074,S4B
cattolica,+390458391075,+390458391075,S4B
cattolica,+390458391076,+390458391076,S4B
cattolica,+390458391077,+390458391077,S4B
cattolica,+390458391078,+390458391078,S4B
cattolica,+390458391079,+390458391079,S4B
cattolica,+390458391080,+390458391080,S4B
cattolica,+390458391081,+390458391081,S4B
cattolica,+390458391082,+390458391082,S4B
cattolica,+390458391083,+390458391083,S4B
cattolica,+390458391084,+390458391084,S4B
cattolica,+390458391085,+390458391085,S4B
cattolica,+390458391086,+390458391086,S4B
cattolica,+390458391087,+390458391087,S4B
cattolica,+390458391089,+390458391089,S4B
cattolica,+390458391091,+390458391091,S4B
cattolica,+390458391092,+390458391092,S4B
cattolica,+390458391093,+390458391093,S4B
cattolica,+390458391094,+390458391094,S4B
cattolica,+390458391095,+390458391095,S4B
cattolica,+390458391097,+390458391097,S4B
cattolica,+390458391098,+390458391098,S4B
cattolica,+390458391100,+390458391100,S4B
cattolica,+390458391101,+390458391101,S4B
cattolica,+390458391103,+390458391103,S4B
cattolica,+390458391104,+390458391104,S4B
cattolica,+390458391105,+390458391105,S4B
cattolica,+390458391106,+390458391106,S4B
cattolica,+390458391110,+390458391110,S4B
cattolica,+390458391114,+390458391114,S4B
cattolica,+390458391116,+390458391116,S4B
cattolica,+390458391117,+390458391117,S4B
cattolica,+390458391120,+390458391120,S4B
cattolica,+390458391123,+390458391123,S4B
cattolica,+390458391124,+390458391124,S4B
cattolica,+390458391125,+390458391125,S4B
cattolica,+390458391126,+390458391126,S4B
cattolica,+390458391127,+390458391127,S4B
cattolica,+390458391129,+390458391129,S4B
cattolica,+390458391130,+390458391130,S4B
cattolica,+390458391132,+390458391132,S4B
cattolica,+390458391133,+390458391133,S4B
cattolica,+390458391134,+390458391134,S4B
cattolica,+390458391135,+390458391135,S4B
cattolica,+390458391136,+390458391136,S4B
cattolica,+390458391137,+390458391137,S4B
cattolica,+390458391138,+390458391138,S4B
cattolica,+390458391141,+390458391141,S4B
cattolica,+390458391143,+390458391143,S4B
cattolica,+390458391144,+390458391144,S4B
cattolica,+390458391145,+390458391145,S4B
cattolica,+390458391146,+390458391146,S4B
cattolica,+390458391147,+390458391147,S4B
cattolica,+390458391148,+390458391148,S4B
cattolica,+390458391149,+390458391149,S4B
cattolica,+390458391150,+390458391150,S4B
cattolica,+390458391152,+390458391152,S4B
cattolica,+390458391153,+390458391153,S4B
cattolica,+390458391154,+390458391154,S4B
cattolica,+390458391155,+390458391155,S4B
cattolica,+390458391156,+390458391156,S4B
cattolica,+390458391157,+390458391157,S4B
cattolica,+390458391158,+390458391158,S4B
cattolica,+390458391159,+390458391159,S4B
cattolica,+390458391160,+390458391160,S4B
cattolica,+390458391161,+390458391161,S4B
cattolica,+390458391162,+390458391162,S4B
cattolica,+390458391163,+390458391163,S4B
cattolica,+390458391164,+390458391164,S4B
cattolica,+390458391165,+390458391165,S4B
cattolica,+390458391167,+390458391167,S4B
cattolica,+390458391168,+390458391168,S4B
cattolica,+390458391169,+390458391169,S4B
cattolica,+390458391170,+390458391170,S4B
cattolica,+390458391171,+390458391171,S4B
cattolica,+390458391172,+390458391172,S4B
cattolica,+390458391173,+390458391173,S4B
cattolica,+390458391175,+390458391175,S4B
cattolica,+390458391176,+390458391176,S4B
cattolica,+390458391178,+390458391178,S4B
cattolica,+390458391179,+390458391179,S4B
cattolica,+390458391180,+390458391180,S4B
cattolica,+390458391182,+390458391182,S4B
cattolica,+390458391183,+390458391183,S4B
cattolica,+390458391184,+390458391184,S4B
cattolica,+390458391186,+390458391186,S4B
cattolica,+390458391187,+390458391187,S4B
cattolica,+390458391188,+390458391188,S4B
cattolica,+390458391189,+390458391189,S4B
cattolica,+390458391190,+390458391190,S4B
cattolica,+390458391191,+390458391191,S4B
cattolica,+390458391192,+390458391192,S4B
cattolica,+390458391193,+390458391193,S4B
cattolica,+390458391194,+390458391194,S4B
cattolica,+390458391195,+390458391195,S4B
cattolica,+390458391196,+390458391196,S4B
cattolica,+390458391199,+390458391199,S4B
cattolica,+390458391201,+390458391201,S4B
cattolica,+390458391204,+390458391204,S4B
cattolica,+390458391205,+390458391205,S4B
cattolica,+390458391207,+390458391207,S4B
cattolica,+390458391208,+390458391208,S4B
cattolica,+390458391209,+390458391209,S4B
cattolica,+390458391210,+390458391210,S4B
cattolica,+390458391211,+390458391211,S4B
cattolica,+390458391213,+390458391213,S4B
cattolica,+390458391214,+390458391214,S4B
cattolica,+390458391215,+390458391215,S4B
cattolica,+390458391216,+390458391216,S4B
cattolica,+390458391217,+390458391217,S4B
cattolica,+390458391218,+390458391218,S4B
cattolica,+390458391219,+390458391219,S4B
cattolica,+390458391220,+390458391220,S4B
cattolica,+390458391221,+390458391221,S4B
cattolica,+390458391222,+390458391222,S4B
cattolica,+390458391223,+390458391223,S4B
cattolica,+390458391224,+390458391224,S4B
cattolica,+390458391225,+390458391225,S4B
cattolica,+390458391227,+390458391227,S4B
cattolica,+390458391228,+390458391228,S4B
cattolica,+390458391229,+390458391229,S4B
cattolica,+390458391230,+390458391230,S4B
cattolica,+390458391231,+390458391231,S4B
cattolica,+390458391232,+390458391232,S4B
cattolica,+390458391233,+390458391233,S4B
cattolica,+390458391234,+390458391234,S4B
cattolica,+390458391236,+390458391236,S4B
cattolica,+390458391237,+390458391237,S4B
cattolica,+390458391238,+390458391238,S4B
cattolica,+390458391239,+390458391239,S4B
cattolica,+390458391241,+390458391241,S4B
cattolica,+390458391242,+390458391242,S4B
cattolica,+390458391243,+390458391243,S4B
cattolica,+390458391244,+390458391244,S4B
cattolica,+390458391245,+390458391245,S4B
cattolica,+390458391246,+390458391246,S4B
cattolica,+390458391248,+390458391248,S4B
cattolica,+390458391249,+390458391249,S4B
cattolica,+390458391250,+390458391250,S4B
cattolica,+390458391251,+390458391251,S4B
cattolica,+390458391252,+390458391252,S4B
cattolica,+390458391253,+390458391253,S4B
cattolica,+390458391255,+390458391255,S4B
cattolica,+390458391256,+390458391256,S4B
cattolica,+390458391257,+390458391257,S4B
cattolica,+390458391258,+390458391258,S4B
cattolica,+390458391259,+390458391259,S4B
cattolica,+390458391260,+390458391260,S4B
cattolica,+390458391261,+390458391261,S4B
cattolica,+390458391262,+390458391262,S4B
cattolica,+390458391265,+390458391265,S4B
cattolica,+390458391266,+390458391266,S4B
cattolica,+390458391267,+390458391267,S4B
cattolica,+390458391268,+390458391268,S4B
cattolica,+390458391269,+390458391269,S4B
cattolica,+390458391270,+390458391270,S4B
cattolica,+390458391271,+390458391271,S4B
cattolica,+390458391272,+390458391272,S4B
cattolica,+390458391273,+390458391273,S4B
cattolica,+390458391274,+390458391274,S4B
cattolica,+390458391275,+390458391275,S4B
cattolica,+390458391276,+390458391276,S4B
cattolica,+390458391277,+390458391277,S4B
cattolica,+390458391278,+390458391278,S4B
cattolica,+390458391279,+390458391279,S4B
cattolica,+390458391280,+390458391280,S4B
cattolica,+390458391281,+390458391281,S4B
cattolica,+390458391284,+390458391284,S4B
cattolica,+390458391285,+390458391285,S4B
cattolica,+390458391286,+390458391286,S4B
cattolica,+390458391287,+390458391287,S4B
cattolica,+390458391288,+390458391288,S4B
cattolica,+390458391289,+390458391289,S4B
cattolica,+390458391293,+390458391293,S4B
cattolica,+390458391297,+390458391297,S4B
cattolica,+390458391299,+390458391299,S4B
cattolica,+390458391303,+390458391303,S4B
cattolica,+390458391304,+390458391304,S4B
cattolica,+390458391308,+390458391308,S4B
cattolica,+390458391310,+390458391310,S4B
cattolica,+390458391311,+390458391311,S4B
cattolica,+390458391312,+390458391312,S4B
cattolica,+390458391313,+390458391313,S4B
cattolica,+390458391314,+390458391314,S4B
cattolica,+390458391315,+390458391315,S4B
cattolica,+390458391317,+390458391317,S4B
cattolica,+390458391318,+390458391318,S4B
cattolica,+390458391320,+390458391320,S4B
cattolica,+390458391321,+390458391321,S4B
cattolica,+390458391322,+390458391322,S4B
cattolica,+390458391325,+390458391325,S4B
cattolica,+390458391327,+390458391327,S4B
cattolica,+390458391328,+390458391328,S4B
cattolica,+390458391330,+390458391330,S4B
cattolica,+390458391331,+390458391331,S4B
cattolica,+390458391334,+390458391334,S4B
cattolica,+390458391335,+390458391335,S4B
cattolica,+390458391336,+390458391336,S4B
cattolica,+390458391337,+390458391337,S4B
cattolica,+390458391338,+390458391338,S4B
cattolica,+390458391343,+390458391343,S4B
cattolica,+390458391345,+390458391345,S4B
cattolica,+390458391347,+390458391347,S4B
cattolica,+390458391348,+390458391348,S4B
cattolica,+390458391350,+390458391350,S4B
cattolica,+390458391351,+390458391351,S4B
cattolica,+390458391354,+390458391354,S4B
cattolica,+390458391355,+390458391355,S4B
cattolica,+390458391358,+390458391358,S4B
cattolica,+390458391359,+390458391359,S4B
cattolica,+390458391362,+390458391362,S4B
cattolica,+390458391363,+390458391363,S4B
cattolica,+390458391364,+390458391364,S4B
cattolica,+390458391365,+390458391365,S4B
cattolica,+390458391366,+390458391366,S4B
cattolica,+390458391368,+390458391368,S4B
cattolica,+390458391369,+390458391369,S4B
cattolica,+390458391370,+390458391370,S4B
cattolica,+390458391376,+390458391376,S4B
cattolica,+390458391377,+390458391377,S4B
cattolica,+390458391378,+390458391378,S4B
cattolica,+390458391379,+390458391379,S4B
cattolica,+390458391380,+390458391380,S4B
cattolica,+390458391383,+390458391383,S4B
cattolica,+390458391384,+390458391384,S4B
cattolica,+390458391386,+390458391386,S4B
cattolica,+390458391387,+390458391387,S4B
cattolica,+390458391388,+390458391388,S4B
cattolica,+390458391389,+390458391389,S4B
cattolica,+390458391390,+390458391390,S4B
cattolica,+390458391395,+390458391395,S4B
cattolica,+390458391396,+390458391396,S4B
cattolica,+390458391397,+390458391397,S4B
cattolica,+390458391399,+390458391399,S4B
cattolica,+390458391401,+390458391401,S4B
cattolica,+390458391404,+390458391404,S4B
cattolica,+390458391407,+390458391407,S4B
cattolica,+390458391410,+390458391410,S4B
cattolica,+390458391415,+390458391415,S4B
cattolica,+390458391418,+390458391418,S4B
cattolica,+390458391420,+390458391420,S4B
cattolica,+390458391423,+390458391423,S4B
cattolica,+390458391424,+390458391424,S4B
cattolica,+390458391426,+390458391426,S4B
cattolica,+390458391428,+390458391428,S4B
cattolica,+390458391429,+390458391429,S4B
cattolica,+390458391430,+390458391430,S4B
cattolica,+390458391431,+390458391431,S4B
cattolica,+390458391432,+390458391432,S4B
cattolica,+390458391436,+390458391436,S4B
cattolica,+390458391437,+390458391437,S4B
cattolica,+390458391438,+390458391438,S4B
cattolica,+390458391439,+390458391439,S4B
cattolica,+390458391441,+390458391441,S4B
cattolica,+390458391442,+390458391442,S4B
cattolica,+390458391443,+390458391443,S4B
cattolica,+390458391446,+390458391446,S4B
cattolica,+390458391447,+390458391447,S4B
cattolica,+390458391449,+390458391449,S4B
cattolica,+390458391450,+390458391450,S4B
cattolica,+390458391451,+390458391451,S4B
cattolica,+390458391452,+390458391452,S4B
cattolica,+390458391453,+390458391453,S4B
cattolica,+390458391455,+390458391455,S4B
cattolica,+390458391456,+390458391456,S4B
cattolica,+390458391457,+390458391457,S4B
cattolica,+390458391458,+390458391458,S4B
cattolica,+390458391459,+390458391459,S4B
cattolica,+390458391461,+390458391461,S4B
cattolica,+390458391462,+390458391462,S4B
cattolica,+390458391463,+390458391463,S4B
cattolica,+390458391464,+390458391464,S4B
cattolica,+390458391465,+390458391465,S4B
cattolica,+390458391467,+390458391467,S4B
cattolica,+390458391468,+390458391468,S4B
cattolica,+390458391470,+390458391470,S4B
cattolica,+390458391471,+390458391471,S4B
cattolica,+390458391472,+390458391472,S4B
cattolica,+390458391473,+390458391473,S4B
cattolica,+390458391474,+390458391474,S4B
cattolica,+390458391475,+390458391475,S4B
cattolica,+390458391477,+390458391477,S4B
cattolica,+390458391479,+390458391479,S4B
cattolica,+390458391483,+390458391483,S4B
cattolica,+390458391484,+390458391484,S4B
cattolica,+390458391485,+390458391485,S4B
cattolica,+390458391486,+390458391486,S4B
cattolica,+390458391487,+390458391487,S4B
cattolica,+390458391488,+390458391488,S4B
cattolica,+390458391489,+390458391489,S4B
cattolica,+390458391490,+390458391490,S4B
cattolica,+390458391492,+390458391492,S4B
cattolica,+390458391493,+390458391493,S4B
cattolica,+390458391494,+390458391494,S4B
cattolica,+390458391495,+390458391495,S4B
cattolica,+390458391496,+390458391496,S4B
cattolica,+390458391497,+390458391497,S4B
cattolica,+390458391498,+390458391498,S4B
cattolica,+390458391499,+390458391499,S4B
cattolica,+390458391501,+390458391501,S4B
cattolica,+390458391505,+390458391505,S4B
cattolica,+390458391506,+390458391506,S4B
cattolica,+390458391507,+390458391507,S4B
cattolica,+390458391508,+390458391508,S4B
cattolica,+390458391509,+390458391509,S4B
cattolica,+390458391510,+390458391510,S4B
cattolica,+390458391511,+390458391511,S4B
cattolica,+390458391512,+390458391512,S4B
cattolica,+390458391513,+390458391513,S4B
cattolica,+390458391514,+390458391514,S4B
cattolica,+390458391515,+390458391515,S4B
cattolica,+390458391516,+390458391516,S4B
cattolica,+390458391517,+390458391517,S4B
cattolica,+390458391519,+390458391519,S4B
cattolica,+390458391522,+390458391522,S4B
cattolica,+390458391525,+390458391525,S4B
cattolica,+390458391526,+390458391526,S4B
cattolica,+390458391528,+390458391528,S4B
cattolica,+390458391530,+390458391530,S4B
cattolica,+390458391532,+390458391532,S4B
cattolica,+390458391534,+390458391534,S4B
cattolica,+390458391537,+390458391537,S4B
cattolica,+390458391538,+390458391538,S4B
cattolica,+390458391539,+390458391539,S4B
cattolica,+390458391540,+390458391540,S4B
cattolica,+390458391541,+390458391541,S4B
cattolica,+390458391544,+390458391544,S4B
cattolica,+390458391545,+390458391545,S4B
cattolica,+390458391546,+390458391546,S4B
cattolica,+390458391547,+390458391547,S4B
cattolica,+390458391549,+390458391549,S4B
cattolica,+390458391553,+390458391553,S4B
cattolica,+390458391554,+390458391554,S4B
cattolica,+390458391555,+390458391555,S4B
cattolica,+390458391557,+390458391557,S4B
cattolica,+390458391558,+390458391558,S4B
cattolica,+390458391560,+390458391560,S4B
cattolica,+390458391561,+390458391561,S4B
cattolica,+390458391564,+390458391564,S4B
cattolica,+390458391565,+390458391565,S4B
cattolica,+390458391567,+390458391567,S4B
cattolica,+390458391568,+390458391568,S4B
cattolica,+390458391569,+390458391569,S4B
cattolica,+390458391570,+390458391570,S4B
cattolica,+390458391572,+390458391572,S4B
cattolica,+390458391573,+390458391573,S4B
cattolica,+390458391577,+390458391577,S4B
cattolica,+390458391578,+390458391578,S4B
cattolica,+390458391580,+390458391580,S4B
cattolica,+390458391581,+390458391581,S4B
cattolica,+390458391583,+390458391583,S4B
cattolica,+390458391585,+390458391585,S4B
cattolica,+390458391586,+390458391586,S4B
cattolica,+390458391587,+390458391587,S4B
cattolica,+390458391588,+390458391588,S4B
cattolica,+390458391591,+390458391591,S4B
cattolica,+390458391593,+390458391593,S4B
cattolica,+390458391595,+390458391595,S4B
cattolica,+390458391596,+390458391596,S4B
cattolica,+390458391597,+390458391597,S4B
cattolica,+390458391598,+390458391598,S4B
cattolica,+390458391600,+390458391600,S4B
cattolica,+390458391601,+390458391601,S4B
cattolica,+390458391602,+390458391602,S4B
cattolica,+390458391603,+390458391603,S4B
cattolica,+390458391606,+390458391606,S4B
cattolica,+390458391609,+390458391609,S4B
cattolica,+390458391612,+390458391612,S4B
cattolica,+390458391614,+390458391614,S4B
cattolica,+390458391617,+390458391617,S4B
cattolica,+390458391620,+390458391620,S4B
cattolica,+390458391632,+390458391632,S4B
cattolica,+390458391638,+390458391638,S4B
cattolica,+390458391639,+390458391639,S4B
cattolica,+390458391641,+390458391641,S4B
cattolica,+390458391643,+390458391643,S4B
cattolica,+390458391648,+390458391648,S4B
cattolica,+390458391650,+390458391650,S4B
cattolica,+390458391651,+390458391651,S4B
cattolica,+390458391654,+390458391654,S4B
cattolica,+390458391655,+390458391655,S4B
cattolica,+390458391657,+390458391657,S4B
cattolica,+390458391658,+390458391658,S4B
cattolica,+390458391659,+390458391659,S4B
cattolica,+390458391660,+390458391660,S4B
cattolica,+390458391661,+390458391661,S4B
cattolica,+390458391662,+390458391662,S4B
cattolica,+390458391663,+390458391663,S4B
cattolica,+390458391665,+390458391665,S4B
cattolica,+390458391670,+390458391670,S4B
cattolica,+390458391671,+390458391671,S4B
cattolica,+390458391673,+390458391673,S4B
cattolica,+390458391674,+390458391674,S4B
cattolica,+390458391677,+390458391677,S4B
cattolica,+390458391679,+390458391679,S4B
cattolica,+390458391680,+390458391680,S4B
cattolica,+390458391683,+390458391683,S4B
cattolica,+390458391684,+390458391684,S4B
cattolica,+390458391685,+390458391685,S4B
cattolica,+390458391686,+390458391686,S4B
cattolica,+390458391687,+390458391687,S4B
cattolica,+390458391689,+390458391689,S4B
cattolica,+390458391690,+390458391690,S4B
cattolica,+390458391691,+390458391691,S4B
cattolica,+390458391693,+390458391693,S4B
cattolica,+390458391694,+390458391694,S4B
cattolica,+390458391697,+390458391697,S4B
cattolica,+390458391701,+390458391701,S4B
cattolica,+390458391703,+390458391703,S4B
cattolica,+390458391705,+390458391705,S4B
cattolica,+390458391706,+390458391706,S4B
cattolica,+390458391708,+390458391708,S4B
cattolica,+390458391709,+390458391709,S4B
cattolica,+390458391710,+390458391710,S4B
cattolica,+390458391712,+390458391712,S4B
cattolica,+390458391714,+390458391714,S4B
cattolica,+390458391715,+390458391715,S4B
cattolica,+390458391716,+390458391716,S4B
cattolica,+390458391719,+390458391719,S4B
cattolica,+390458391720,+390458391720,S4B
cattolica,+390458391727,+390458391727,S4B
cattolica,+390458391729,+390458391729,S4B
cattolica,+390458391730,+390458391730,S4B
cattolica,+390458391731,+390458391731,S4B
cattolica,+390458391732,+390458391732,S4B
cattolica,+390458391733,+390458391733,S4B
cattolica,+390458391734,+390458391734,S4B
cattolica,+390458391735,+390458391735,S4B
cattolica,+390458391737,+390458391737,S4B
cattolica,+390458391738,+390458391738,S4B
cattolica,+390458391739,+390458391739,S4B
cattolica,+390458391741,+390458391741,S4B
cattolica,+390458391742,+390458391742,S4B
cattolica,+390458391743,+390458391743,S4B
cattolica,+390458391744,+390458391744,S4B
cattolica,+390458391748,+390458391748,S4B
cattolica,+390458391749,+390458391749,S4B
cattolica,+390458391751,+390458391751,S4B
cattolica,+390458391752,+390458391752,S4B
cattolica,+390458391754,+390458391754,S4B
cattolica,+390458391757,+390458391757,S4B
cattolica,+390458391759,+390458391759,S4B
cattolica,+390458391761,+390458391761,S4B
cattolica,+390458391762,+390458391762,S4B
cattolica,+390458391763,+390458391763,S4B
cattolica,+390458391765,+390458391765,S4B
cattolica,+390458391768,+390458391768,S4B
cattolica,+390458391770,+390458391770,S4B
cattolica,+390458391771,+390458391771,S4B
cattolica,+390458391773,+390458391773,S4B
cattolica,+390458391774,+390458391774,S4B
cattolica,+390458391776,+390458391776,S4B
cattolica,+390458391778,+390458391778,S4B
cattolica,+390458391779,+390458391779,S4B
cattolica,+390458391780,+390458391780,S4B
cattolica,+390458391782,+390458391782,S4B
cattolica,+390458391785,+390458391785,S4B
cattolica,+390458391787,+390458391787,S4B
cattolica,+390458391789,+390458391789,S4B
cattolica,+390458391791,+390458391791,S4B
cattolica,+390458391792,+390458391792,S4B
cattolica,+390458391794,+390458391794,S4B
cattolica,+390458391795,+390458391795,S4B
cattolica,+390458391803,+390458391803,S4B
cattolica,+390458391805,+390458391805,S4B
cattolica,+390458391806,+390458391806,S4B
cattolica,+390458391807,+390458391807,S4B
cattolica,+390458391809,+390458391809,S4B
cattolica,+390458391810,+390458391810,S4B
cattolica,+390458391812,+390458391812,S4B
cattolica,+390458391813,+390458391813,S4B
cattolica,+390458391820,+390458391820,S4B
cattolica,+390458391823,+390458391823,S4B
cattolica,+390458391826,+390458391826,S4B
cattolica,+390458391827,+390458391827,S4B
cattolica,+390458391828,+390458391828,S4B
cattolica,+390458391829,+390458391829,S4B
cattolica,+390458391830,+390458391830,S4B
cattolica,+390458391831,+390458391831,S4B
cattolica,+390458391832,+390458391832,S4B
cattolica,+390458391833,+390458391833,S4B
cattolica,+390458391834,+390458391834,S4B
cattolica,+390458391835,+390458391835,S4B
cattolica,+390458391836,+390458391836,S4B
cattolica,+390458391837,+390458391837,S4B
cattolica,+390458391838,+390458391838,S4B
cattolica,+390458391839,+390458391839,S4B
cattolica,+390458391841,+390458391841,S4B
cattolica,+390458391842,+390458391842,S4B
cattolica,+390458391843,+390458391843,S4B
cattolica,+390458391844,+390458391844,S4B
cattolica,+390458391845,+390458391845,S4B
cattolica,+390458391846,+390458391846,S4B
cattolica,+390458391847,+390458391847,S4B
cattolica,+390458391848,+390458391848,S4B
cattolica,+390458391849,+390458391849,S4B
cattolica,+390458391850,+390458391850,S4B
cattolica,+390458391851,+390458391851,S4B
cattolica,+390458391852,+390458391852,S4B
cattolica,+390458391853,+390458391853,S4B
cattolica,+390458391854,+390458391854,S4B
cattolica,+390458391855,+390458391855,S4B
cattolica,+390458391856,+390458391856,S4B
cattolica,+390458391857,+390458391857,S4B
cattolica,+390458391858,+390458391858,S4B
cattolica,+390458391860,+390458391860,S4B
cattolica,+390458391861,+390458391861,S4B
cattolica,+390458391862,+390458391862,S4B
cattolica,+390458391863,+390458391863,S4B
cattolica,+390458391866,+390458391866,S4B
cattolica,+390458391867,+390458391867,S4B
cattolica,+390458391868,+390458391868,S4B
cattolica,+390458391874,+390458391874,S4B
cattolica,+390458391876,+390458391876,S4B
cattolica,+390458391877,+390458391877,S4B
cattolica,+390458391878,+390458391878,S4B
cattolica,+390458391879,+390458391879,S4B
cattolica,+390458391880,+390458391880,S4B
cattolica,+390458391882,+390458391882,S4B
cattolica,+390458391884,+390458391884,S4B
cattolica,+390458391886,+390458391886,S4B
cattolica,+390458391887,+390458391887,S4B
cattolica,+390458391889,+390458391889,S4B
cattolica,+390458391891,+390458391891,S4B
cattolica,+390458391892,+390458391892,S4B
cattolica,+390458391893,+390458391893,S4B
cattolica,+390458391895,+390458391895,S4B
cattolica,+390458391896,+390458391896,S4B
cattolica,+390458391898,+390458391898,S4B
cattolica,+390458391900,+390458391900,S4B
cattolica,+390458391902,+390458391902,S4B
cattolica,+390458391904,+390458391904,S4B
cattolica,+390458391906,+390458391906,S4B
cattolica,+390458391907,+390458391907,S4B
cattolica,+390458391909,+390458391909,S4B
cattolica,+390458391911,+390458391911,S4B
cattolica,+390458391912,+390458391912,S4B
cattolica,+390458391913,+390458391913,S4B
cattolica,+390458391914,+390458391914,S4B
cattolica,+390458391915,+390458391915,S4B
cattolica,+390458391917,+390458391917,S4B
cattolica,+390458391924,+390458391924,S4B
cattolica,+390458391925,+390458391925,S4B
cattolica,+390458391926,+390458391926,S4B
cattolica,+390458391930,+390458391930,S4B
cattolica,+390458391932,+390458391932,S4B
cattolica,+390458391933,+390458391933,S4B
cattolica,+390458391934,+390458391934,S4B
cattolica,+390458391935,+390458391935,S4B
cattolica,+390458391936,+390458391936,S4B
cattolica,+390458391937,+390458391937,S4B
cattolica,+390458391938,+390458391938,S4B
cattolica,+390458391939,+390458391939,S4B
cattolica,+390458391940,+390458391940,S4B
cattolica,+390458391942,+390458391942,S4B
cattolica,+390458391943,+390458391943,S4B
cattolica,+390458391944,+390458391944,S4B
cattolica,+390458391946,+390458391946,S4B
cattolica,+390458391948,+390458391948,S4B
cattolica,+390458391951,+390458391951,S4B
cattolica,+390458391953,+390458391953,S4B
cattolica,+390458391955,+390458391955,S4B
cattolica,+390458391956,+390458391956,S4B
cattolica,+390458391960,+390458391960,S4B
cattolica,+390458391961,+390458391961,S4B
cattolica,+390458391962,+390458391962,S4B
cattolica,+390458391963,+390458391963,S4B
cattolica,+390458391964,+390458391964,S4B
cattolica,+390458391965,+390458391965,S4B
cattolica,+390458391967,+390458391967,S4B
cattolica,+390458391969,+390458391969,S4B
cattolica,+390458391971,+390458391971,S4B
cattolica,+390458391972,+390458391972,S4B
cattolica,+390458391974,+390458391974,S4B
cattolica,+390458391977,+390458391977,S4B
cattolica,+390458391990,+390458391990,S4B
cattolica,+390458391993,+390458391993,S4B
cattolica,+390458391995,+390458391995,S4B
cattolica,+390458630631,+390458630631,S4B
cattolica,+390639941201,+390639941201,S4B
cattolica,+390639941207,+390639941207,S4B
cattolica,+390639941220,+390639941220,S4B
cattolica,+390639941223,+390639941223,S4B
cattolica,+390639941242,+390639941242,S4B
cattolica,+390639941279,+390639941279,S4B
cattolica,+390639941282,+390639941282,S4B
cattolica,+390639941294,+390639941294,S4B
cattolica,+390639941306,+390639941306,S4B
cattolica,+390639941308,+390639941308,S4B
cattolica,+390639941320,+390639941320,S4B
cattolica,+390639941324,+390639941324,S4B
cattolica,+390639941332,+390639941332,S4B
cattolica,+390639941341,+390639941341,S4B
cattolica,+390639941355,+390639941355,S4B
cattolica,+390639941374,+390639941374,S4B
cattolica,+390644740524,+390644740524,S4B
cattolica,+390644740532,+390644740532,S4B
cattolica,+390644742520,+390644742520,S4B
cattolica,+390644742524,+390644742524,S4B
cattolica,+390644742525,+390644742525,S4B
cattolica,+390644742527,+390644742527,S4B
cattolica,+390644742531,+390644742531,S4B
cattolica,+390644742554,+390644742554,S4B
cattolica,+39064765202,+39064765202,S4B
cattolica,+39064765204,+39064765204,S4B
cattolica,+39064765205,+39064765205,S4B
cattolica,+39064765206,+39064765206,S4B
cattolica,+39064765207,+39064765207,S4B
cattolica,+39064765208,+39064765208,S4B
cattolica,+39064765209,+39064765209,S4B
cattolica,+39064765210,+39064765210,S4B
cattolica,+39064765211,+39064765211,S4B
cattolica,+39064765212,+39064765212,S4B
cattolica,+39064765213,+39064765213,S4B
cattolica,+39064765214,+39064765214,S4B
cattolica,+39064765216,+39064765216,S4B
cattolica,+39064765218,+39064765218,S4B
cattolica,+39064765220,+39064765220,S4B
cattolica,+39064765221,+39064765221,S4B
cattolica,+39064765222,+39064765222,S4B
cattolica,+39064765223,+39064765223,S4B
cattolica,+39064765305,+39064765305,S4B
cattolica,+39064765308,+39064765308,S4B
cattolica,+39064765309,+39064765309,S4B
cattolica,+39064765310,+39064765310,S4B
cattolica,+39064765312,+39064765312,S4B
cattolica,+39064765313,+39064765313,S4B
cattolica,+39064765316,+39064765316,S4B
cattolica,+39064765319,+39064765319,S4B
cattolica,+39064765321,+39064765321,S4B
cattolica,+39064765326,+39064765326,S4B
cattolica,+39064765329,+39064765329,S4B
cattolica,+39064765330,+39064765330,S4B
cattolica,+39064765331,+39064765331,S4B
cattolica,+39064765335,+39064765335,S4B
cattolica,+39064765338,+39064765338,S4B
cattolica,+39064765342,+39064765342,S4B
cattolica,+39064765344,+39064765344,S4B
cattolica,+39064765345,+39064765345,S4B
cattolica,+39064765346,+39064765346,S4B
cattolica,+39064765348,+39064765348,S4B
cattolica,+39064765349,+39064765349,S4B
cattolica,+39064765351,+39064765351,S4B
cattolica,+39064765352,+39064765352,S4B
cattolica,+39064765356,+39064765356,S4B
cattolica,+39064765358,+39064765358,S4B
cattolica,+39064765360,+39064765360,S4B
cattolica,+39064765361,+39064765361,S4B
cattolica,+39064765362,+39064765362,S4B
cattolica,+39064765363,+39064765363,S4B
cattolica,+39064765364,+39064765364,S4B
cattolica,+39064765365,+39064765365,S4B
cattolica,+39064765366,+39064765366,S4B
cattolica,+39064765368,+39064765368,S4B
cattolica,+39064765369,+39064765369,S4B
cattolica,+39064765370,+39064765370,S4B
cattolica,+39064765371,+39064765371,S4B
cattolica,+39064765373,+39064765373,S4B
cattolica,+39064765374,+39064765374,S4B
cattolica,+39064765376,+39064765376,S4B
cattolica,+39064765377,+39064765377,S4B
cattolica,+39064765380,+39064765380,S4B
cattolica,+39064765381,+39064765381,S4B
cattolica,+39064765382,+39064765382,S4B
cattolica,+39064765383,+39064765383,S4B
cattolica,+39064765384,+39064765384,S4B
cattolica,+39064765385,+39064765385,S4B
cattolica,+39064765386,+39064765386,S4B
cattolica,+39064765387,+39064765387,S4B
cattolica,+39064765389,+39064765389,S4B
cattolica,+39064765390,+39064765390,S4B
cattolica,+39064765391,+39064765391,S4B
cattolica,+39064765392,+39064765392,S4B
cattolica,+39064765393,+39064765393,S4B
cattolica,+39064765394,+39064765394,S4B
cattolica,+39064765395,+39064765395,S4B
cattolica,+39064765396,+39064765396,S4B
cattolica,+39064765397,+39064765397,S4B
cattolica,+39064765398,+39064765398,S4B
cattolica,+39064765399,+39064765399,S4B
cattolica,+39064765407,+39064765407,S4B
cattolica,+39064765408,+39064765408,S4B
cattolica,+39064765410,+39064765410,S4B
cattolica,+39064765411,+39064765411,S4B
cattolica,+39064765416,+39064765416,S4B
cattolica,+39064765419,+39064765419,S4B
cattolica,+39064765420,+39064765420,S4B
cattolica,+39064765422,+39064765422,S4B
cattolica,+39064765425,+39064765425,S4B
cattolica,+39064765426,+39064765426,S4B
cattolica,+39064765433,+39064765433,S4B
cattolica,+39064765434,+39064765434,S4B
cattolica,+39064765435,+39064765435,S4B
cattolica,+39064765437,+39064765437,S4B
cattolica,+39064765445,+39064765445,S4B
cattolica,+39064765446,+39064765446,S4B
cattolica,+39064765453,+39064765453,S4B
cattolica,+39064765459,+39064765459,S4B
cattolica,+39064765460,+39064765460,S4B
cattolica,+39064765461,+39064765461,S4B
cattolica,+39064765463,+39064765463,S4B
cattolica,+39064765464,+39064765464,S4B
cattolica,+39064765465,+39064765465,S4B
cattolica,+39064765466,+39064765466,S4B
cattolica,+39064765468,+39064765468,S4B
cattolica,+39064765472,+39064765472,S4B
cattolica,+39064765473,+39064765473,S4B
cattolica,+39064765474,+39064765474,S4B
cattolica,+39064765476,+39064765476,S4B
cattolica,+39064765479,+39064765479,S4B
cattolica,+39064765481,+39064765481,S4B
cattolica,+39064765482,+39064765482,S4B
cattolica,+39064765483,+39064765483,S4B
cattolica,+39064765484,+39064765484,S4B
cattolica,+39064765485,+39064765485,S4B
cattolica,+39064765486,+39064765486,S4B
cattolica,+39064765490,+39064765490,S4B
cattolica,+39064765496,+39064765496,S4B
cattolica,+39064765497,+39064765497,S4B
cattolica,+39064765502,+39064765502,S4B
cattolica,+39064765506,+39064765506,S4B
cattolica,+39064765508,+39064765508,S4B
cattolica,+39064765509,+39064765509,S4B
cattolica,+39064765510,+39064765510,S4B
cattolica,+39064765518,+39064765518,S4B
cattolica,+39064765519,+39064765519,S4B
cattolica,+39064765534,+39064765534,S4B
cattolica,+39064765538,+39064765538,S4B
cattolica,+39064765560,+39064765560,S4B
cattolica,+39064765561,+39064765561,S4B
cattolica,+39064765596,+39064765596,S4B
cattolica,+39064765597,+39064765597,S4B
cattolica,+39064765602,+39064765602,S4B
cattolica,+39064765604,+39064765604,S4B
cattolica,+39064765605,+39064765605,S4B
cattolica,+39064765606,+39064765606,S4B
cattolica,+39064765608,+39064765608,S4B
cattolica,+39064765609,+39064765609,S4B
cattolica,+39064765610,+39064765610,S4B
cattolica,+39064765612,+39064765612,S4B
cattolica,+39064765614,+39064765614,S4B
cattolica,+39064765618,+39064765618,S4B
cattolica,+39064765621,+39064765621,S4B
cattolica,+39064765622,+39064765622,S4B
cattolica,+39064765623,+39064765623,S4B
cattolica,+39064765624,+39064765624,S4B
cattolica,+39064765626,+39064765626,S4B
cattolica,+39064765634,+39064765634,S4B
cattolica,+39064765635,+39064765635,S4B
cattolica,+39064765647,+39064765647,S4B
cattolica,+39064765652,+39064765652,S4B
cattolica,+39064765662,+39064765662,S4B
cattolica,+39064765664,+39064765664,S4B
cattolica,+39064765667,+39064765667,S4B
cattolica,+39064765668,+39064765668,S4B
cattolica,+39064765673,+39064765673,S4B
cattolica,+39064765674,+39064765674,S4B
cattolica,+39064765678,+39064765678,S4B
cattolica,+39064765679,+39064765679,S4B
cattolica,+39064765680,+39064765680,S4B
cattolica,+39064765681,+39064765681,S4B
cattolica,+39064765682,+39064765682,S4B
cattolica,+39064765683,+39064765683,S4B
cattolica,+39064765693,+39064765693,S4B
cattolica,+39064765701,+39064765701,S4B
